id;card_number;first_name;surname;email;status
1;rally awkwardly overconfidently;Christian;joyously yippee;Arlene_Bins@yahoo.com;interweave beside oregano
2;though;Milford;upon;Alivia_Feeney15@gmail.com;um
3;ornament;Aletha;something diarist;Madalyn.Maggio@gmail.com;underneath since
4;overgraze;Dillan;waken abnegate;Marcelle17@hotmail.com;behind trustworthy rarely
5;carbon;Raquel;without gosh;Demario_Schoen64@hotmail.com;front microblog
6;mysteriously arrogantly;Schuyler;inveigle;Efren66@gmail.com;magnificent throughout importune
7;acidly furthermore furthermore;Scot;wide;Buster_Schroeder@hotmail.com;mortified meanwhile however
8;beyond workbench;Werner;boohoo boo drat;Gerda_Volkman57@hotmail.com;fresh
9;against courageously;Krystel;emboss deface;Keyon_Roob71@gmail.com;promise geez
10;seeder wisely er;Elsa;whelp force;Cassandre.Roob@hotmail.com;since
